Word,POS_Tag,Fine_Tag,Lemma,Category,Sentence_No
NASA,PROPN,NNP,NASA,Noun,1
Dark,PROPN,NNP,Dark,Noun,1
Universe,PROPN,NNP,Universe,Noun,1
Seeking,VERB,VBG,seek,Verb,1
Nancy,PROPN,NNP,Nancy,Noun,1
Grace,PROPN,NNP,Grace,Noun,1
Roman,PROPN,NNP,Roman,Noun,1
Space,PROPN,NNP,Space,Noun,1
Telescope,PROPN,NNP,Telescope,Noun,1
Launches,PROPN,NNPS,Launches,Noun,1
month,NOUN,NN,month,Noun,1
mile,NOUN,NN,mile,Noun,1
journey,NOUN,NN,journey,Noun,1
orbit,NOUN,NN,orbit,Noun,1
NASA,PROPN,NNP,NASA,Noun,1
Nancy,PROPN,NNP,Nancy,Noun,1
Grace,PROPN,NNP,Grace,Noun,1
Roman,PROPN,NNP,Roman,Noun,1
Space,PROPN,NNP,Space,Noun,1
Telescope,PROPN,NNP,Telescope,Noun,1
will,AUX,MD,will,Verb,1
reveal,VERB,VB,reveal,Verb,1
universe,NOUN,NN,universe,Noun,1
secrets,NOUN,NNS,secret,Noun,1
mission,NOUN,NN,mission,Noun,2
launched,VERB,VBD,launch,Verb,2
EDT,PROPN,NNP,EDT,Noun,2
Sunday,PROPN,NNP,Sunday,Noun,2
SpaceX,PROPN,NNP,SpaceX,Noun,2
Falcon,PROPN,NNP,Falcon,Noun,2
Heavy,PROPN,NNP,Heavy,Noun,2
rocket,NOUN,NN,rocket,Noun,2
Launch,PROPN,NNP,Launch,Noun,2
Complex,PROPN,NNP,Complex,Noun,2
39A,NOUN,NN,39a,Noun,2
agency,NOUN,NN,agency,Noun,2
Kennedy,PROPN,NNP,Kennedy,Noun,2
Space,PROPN,NNP,Space,Noun,2
Center,PROPN,NNP,Center,Noun,2
Florida,PROPN,NNP,Florida,Noun,2
pairs,VERB,VBZ,pair,Verb,3
field,NOUN,NN,field,Noun,3
view,NOUN,NN,view,Noun,3
vision,NOUN,NN,vision,Noun,3
explore,VERB,VB,explore,Verb,3
swaths,NOUN,NNS,swath,Noun,3
sky,NOUN,NN,sky,Noun,3
probe,VERB,VB,probe,Verb,3
history,NOUN,NN,history,Noun,3
flagship,NOUN,NN,flagship,Noun,4
mission,NOUN,NN,mission,Noun,4
will,AUX,MD,will,Verb,4
help,VERB,VB,help,Verb,4
astronomers,NOUN,NNS,astronomer,Noun,4
explore,VERB,VB,explore,Verb,4
matter,NOUN,NN,matter,Noun,4
energy,NOUN,NN,energy,Noun,4
worlds,NOUN,NNS,world,Noun,4
system,NOUN,NN,system,Noun,4
known,VERB,VBN,know,Verb,4
exoplanets,NOUN,NNS,exoplanet,Noun,4
surveys,NOUN,NNS,survey,Noun,5
will,AUX,MD,will,Verb,5
support,VERB,VB,support,Verb,5
range,NOUN,NN,range,Noun,5
research,NOUN,NN,research,Noun,5
extending,VERB,VBG,extend,Verb,5
mission,NOUN,NN,mission,Noun,5
science,NOUN,NN,science,Noun,5
goals,NOUN,NNS,goal,Noun,5
Roman,PROPN,NNP,Roman,Noun,6
is,AUX,VBZ,be,Verb,6
kind,NOUN,NN,kind,Noun,6
success,NOUN,NN,success,Noun,6
story,NOUN,NN,story,Noun,6
want,VERB,VBP,want,Verb,6
see,VERB,VB,see,Verb,6
NASA,PROPN,NNP,NASA,Noun,6
said,VERB,VBD,say,Verb,6
NASA,PROPN,NNP,NASA,Noun,6
Administrator,PROPN,NNP,Administrator,Noun,6
Jared,PROPN,NNP,Jared,Noun,6
Isaacman,PROPN,NNP,Isaacman,Noun,6
Delivered,VERB,VBN,deliver,Verb,7
schedule,NOUN,NN,schedule,Noun,7
budget,NOUN,NN,budget,Noun,7
mission,NOUN,NN,mission,Noun,7
reflects,VERB,VBZ,reflect,Verb,7
decade,NOUN,NN,decade,Noun,7
dedication,NOUN,NN,dedication,Noun,7
NASA,PROPN,NNP,NASA,Noun,7
workforce,NOUN,NN,workforce,Noun,7
industry,NOUN,NN,industry,Noun,7
partners,NOUN,NNS,partner,Noun,7
Roman,PROPN,NNP,Roman,Noun,8
will,AUX,MD,will,Verb,8
give,VERB,VB,give,Verb,8
atlas,NOUN,NNS,atla,Noun,8
universe,NOUN,NN,universe,Noun,8
push,VERB,VB,push,Verb,8
boundaries,NOUN,NNS,boundary,Noun,8
discovery,NOUN,NN,discovery,Noun,8
demonstrate,VERB,VB,demonstrate,Verb,8
is,AUX,VBZ,be,Verb,8
America,PROPN,NNP,America,Noun,8
space,NOUN,NN,space,Noun,8
program,NOUN,NN,program,Noun,8
pairs,VERB,VBZ,pair,Verb,8
ambition,NOUN,NN,ambition,Noun,8
execution,NOUN,NN,execution,Noun,8
ground,NOUN,NN,ground,Noun,9
control,NOUN,NN,control,Noun,9
team,NOUN,NN,team,Noun,9
NASA,PROPN,NNP,NASA,Noun,9
Goddard,PROPN,NNP,Goddard,Noun,9
Space,PROPN,NNP,Space,Noun,9
Flight,PROPN,NNP,Flight,Noun,9
Center,PROPN,NNP,Center,Noun,9
Greenbelt,PROPN,NNP,Greenbelt,Noun,9
Maryland,PROPN,NNP,Maryland,Noun,9
began,VERB,VBD,begin,Verb,9
receiving,VERB,VBG,receive,Verb,9
telemetry,NOUN,NN,telemetry,Noun,9
data,NOUN,NNS,datum,Noun,9
Roman,PROPN,NNP,Roman,Noun,9
minutes,NOUN,NNS,minute,Noun,9
launch,NOUN,NN,launch,Noun,9
Falcon,PROPN,NNP,Falcon,Noun,10
Heavy,PROPN,NNP,Heavy,Noun,10
rocket,NOUN,NN,rocket,Noun,10
performed,VERB,VBD,perform,Verb,10
expected,VERB,VBN,expect,Verb,10
separating,VERB,VBG,separate,Verb,10
observatory,NOUN,NN,observatory,Noun,10
minutes,NOUN,NNS,minute,Noun,10
flight,NOUN,NN,flight,Noun,10
separating,VERB,VBG,separate,Verb,11
core,NOUN,NN,core,Noun,11
rocket,NOUN,NN,rocket,Noun,11
boosters,NOUN,NNS,booster,Noun,11
returned,VERB,VBD,return,Verb,11
launch,NOUN,NN,launch,Noun,11
site,NOUN,NN,site,Noun,11
refurbishment,NOUN,NN,refurbishment,Noun,11
will,AUX,MD,will,Verb,12
be,AUX,VB,be,Verb,12
discovery,NOUN,NN,discovery,Noun,12
machine,NOUN,NN,machine,Noun,12
will,AUX,MD,will,Verb,12
bring,VERB,VB,bring,Verb,12
answering,VERB,VBG,answer,Verb,12
humanity,NOUN,NN,humanity,Noun,12
questions,NOUN,NNS,question,Noun,12
history,NOUN,NN,history,Noun,12
said,VERB,VBD,say,Verb,12
Nicky,PROPN,NNP,Nicky,Noun,12
Fox,PROPN,NNP,Fox,Noun,12
administrator,NOUN,NN,administrator,Noun,12
Science,PROPN,NNP,Science,Noun,12
Mission,PROPN,NNP,Mission,Noun,12
Directorate,PROPN,NNP,Directorate,Noun,12
NASA,PROPN,NNP,NASA,Noun,12
Headquarters,PROPN,NNP,Headquarters,Noun,12
Washington,PROPN,NNP,Washington,Noun,12
field,NOUN,NN,field,Noun,13
view,NOUN,NN,view,Noun,13
survey,NOUN,NN,survey,Noun,13
speeds,NOUN,NNS,speed,Noun,13
Roman,PROPN,NNP,Roman,Noun,13
will,AUX,MD,will,Verb,13
usher,VERB,VB,usher,Verb,13
era,NOUN,NN,era,Noun,13
discovery,NOUN,NN,discovery,Noun,13
make,VERB,VB,make,Verb,13
setting,VERB,VBG,set,Verb,13
foundation,NOUN,NN,foundation,Noun,13
humanity,NOUN,NN,humanity,Noun,13
search,NOUN,NN,search,Noun,13
life,NOUN,NN,life,Noun,13
system,NOUN,NN,system,Noun,13
launch,NOUN,NN,launch,Noun,14
orbit,NOUN,NN,orbit,Noun,14
Roman,PROPN,NNP,Roman,Noun,14
uses,VERB,VBZ,use,Verb,14
Near,PROPN,NNP,Near,Noun,14
Space,PROPN,NNP,Space,Noun,14
Network,PROPN,NNP,Network,Noun,14
ground,NOUN,NN,ground,Noun,14
stations,NOUN,NNS,station,Noun,14
relay,NOUN,NN,relay,Noun,14
satellites,NOUN,NNS,satellite,Noun,14
exchange,VERB,VB,exchange,Verb,14
tracking,NOUN,NN,tracking,Noun,14
telemetry,NOUN,NN,telemetry,Noun,14
command,NOUN,NN,command,Noun,14
data,NOUN,NNS,datum,Noun,14
ground,NOUN,NN,ground,Noun,14
controllers,NOUN,NNS,controller,Noun,14
minutes,NOUN,NNS,minute,Noun,15
launch,NOUN,NN,launch,Noun,15
Deep,PROPN,NNP,Deep,Noun,15
Space,PROPN,NNP,Space,Noun,15
Network,PROPN,NNP,Network,Noun,15
takes,VERB,VBZ,take,Verb,15
communications,NOUN,NNS,communication,Noun,15
guides,NOUN,NNS,guide,Noun,15
Roman,PROPN,NNP,Roman,Noun,15
Sun,PROPN,NNP,Sun,Noun,15
Earth,PROPN,NNP,Earth,Noun,15
Lagrange,PROPN,NNP,Lagrange,Noun,15
point,NOUN,NN,point,Noun,15
L2,NOUN,NN,l2,Noun,15
miles,NOUN,NNS,mile,Noun,15
Earth,PROPN,NNP,Earth,Noun,15
connects,VERB,VBZ,connect,Verb,16
network,NOUN,NN,network,Noun,16
Canberra,PROPN,NNP,Canberra,Noun,16
Deep,PROPN,NNP,Deep,Noun,16
Space,PROPN,NNP,Space,Noun,16
Communication,PROPN,NNP,Communication,Noun,16
Complex,PROPN,NNP,Complex,Noun,16
Australia,PROPN,NNP,Australia,Noun,16
hours,NOUN,NNS,hour,Noun,17
will,AUX,MD,will,Verb,17
transfer,VERB,VB,transfer,Verb,17
Madrid,PROPN,NNP,Madrid,Noun,17
Deep,PROPN,NNP,Deep,Noun,17
Space,PROPN,NNP,Space,Noun,17
Communication,PROPN,NNP,Communication,Noun,17
Complex,PROPN,NNP,Complex,Noun,17
Spain,PROPN,NNP,Spain,Noun,17
Goldstone,PROPN,NNP,Goldstone,Noun,17
Deep,PROPN,NNP,Deep,Noun,17
Space,PROPN,NNP,Space,Noun,17
Communication,PROPN,NNP,Communication,Noun,17
Complex,PROPN,NNP,Complex,Noun,17
California,PROPN,NNP,California,Noun,17
ensuring,VERB,VBG,ensure,Verb,17
contact,NOUN,NN,contact,Noun,17
Roman,PROPN,NNP,Roman,Noun,17
journey,NOUN,NN,journey,Noun,17
team,NOUN,NN,team,Noun,18
confirmed,VERB,VBD,confirm,Verb,18
deployment,NOUN,NN,deployment,Noun,18
observatory,NOUN,NN,observatory,Noun,18
panels,NOUN,NNS,panel,Noun,18
instrument,NOUN,NN,instrument,Noun,18
sun,PROPN,NNP,sun,Noun,18
shade,NOUN,NN,shade,Noun,18
hour,NOUN,NN,hour,Noun,18
minutes,NOUN,NNS,minute,Noun,18
launch,NOUN,NN,launch,Noun,18
days,NOUN,NNS,day,Noun,19
Roman,PROPN,NNP,Roman,Noun,19
gain,NOUN,NN,gain,Noun,19
antenna,NOUN,NN,antenna,Noun,19
visor,NOUN,NN,visor,Noun,19
aperture,NOUN,NN,aperture,Noun,19
cover,NOUN,NN,cover,Noun,19
will,AUX,MD,will,Verb,19
deploy,VERB,VB,deploy,Verb,19
ground,NOUN,NN,ground,Noun,19
controllers,NOUN,NNS,controller,Noun,19
will,AUX,MD,will,Verb,19
initiate,VERB,VB,initiate,Verb,19
course,NOUN,NN,course,Noun,19
corrections,NOUN,NNS,correction,Noun,19
Coronagraph,PROPN,NNP,Coronagraph,Noun,19
Instrument,PROPN,NNP,Instrument,Noun,19
will,AUX,MD,will,Verb,19
power,VERB,VB,power,Verb,19
instrument,NOUN,NN,instrument,Noun,20
will,AUX,MD,will,Verb,20
demonstrate,VERB,VB,demonstrate,Verb,20
technology,NOUN,NN,technology,Noun,20
missions,NOUN,NNS,mission,Noun,20
NASA,PROPN,NNP,NASA,Noun,20
Habitable,PROPN,NNP,Habitable,Noun,20
Worlds,PROPN,NNP,Worlds,Noun,20
Observatory,PROPN,NNP,Observatory,Noun,20
concept,NOUN,NN,concept,Noun,20
could,AUX,MD,could,Verb,20
use,VERB,VB,use,Verb,20
image,VERB,VB,image,Verb,20
Earth,PROPN,NNP,Earth,Noun,20
planets,NOUN,NNS,planet,Noun,20
search,NOUN,NN,search,Noun,20
life,NOUN,NN,life,Noun,20
universe,NOUN,NN,universe,Noun,20
Roman,PROPN,NNP,Roman,Noun,21
Coronagraph,PROPN,NNP,Coronagraph,Noun,21
will,AUX,MD,will,Verb,21
take,VERB,VB,take,Verb,21
step,NOUN,NN,step,Noun,21
direction,NOUN,NN,direction,Noun,21
snapping,VERB,VBG,snap,Verb,21
pictures,NOUN,NNS,picture,Noun,21
Jupiter,PROPN,NNP,Jupiter,Noun,21
planets,NOUN,NNS,planet,Noun,21
weeks,NOUN,NNS,week,Noun,22
Roman,PROPN,NNP,Roman,Noun,22
voyage,NOUN,NN,voyage,Noun,22
instrument,NOUN,NN,instrument,Noun,22
Wide,PROPN,NNP,Wide,Noun,22
Field,NOUN,NN,field,Noun,22
Instrument,PROPN,NNP,Instrument,Noun,22
will,AUX,MD,will,Verb,22
activate,VERB,VB,activate,Verb,22
megapixel,NOUN,NN,megapixel,Noun,23
camera,NOUN,NN,camera,Noun,23
has,VERB,VBZ,have,Verb,23
K,NOUN,NN,k,Noun,23
detectors,NOUN,NNS,detector,Noun,23
size,NOUN,NN,size,Noun,23
saltine,NOUN,NN,saltine,Noun,23
cracker,NOUN,NN,cracker,Noun,23
detectors,NOUN,NNS,detector,Noun,24
collect,VERB,VBP,collect,Verb,24
photons,NOUN,NNS,photon,Noun,24
light,NOUN,NN,light,Noun,24
will,AUX,MD,will,Verb,24
be,AUX,VB,be,Verb,24
decoded,VERB,VBN,decode,Verb,24
panoramas,NOUN,NNS,panorama,Noun,24
Thanks,NOUN,NNS,thank,Noun,25
observatory,NOUN,NN,observatory,Noun,25
design,NOUN,NN,design,Noun,25
performance,NOUN,NN,performance,Noun,25
will,AUX,MD,will,Verb,25
scan,VERB,VB,scan,Verb,25
sky,NOUN,NN,sky,Noun,25
needing,VERB,VBG,need,Verb,25
time,NOUN,NN,time,Noun,25
observations,NOUN,NNS,observation,Noun,25
telescope,NOUN,NN,telescope,Noun,26
is,AUX,VBZ,be,Verb,26
designed,VERB,VBN,design,Verb,26
survey,VERB,VB,survey,Verb,26
universe,NOUN,NN,universe,Noun,26
times,NOUN,NNS,time,Noun,26
NASA,PROPN,NNP,NASA,Noun,26
Hubble,PROPN,NNP,Hubble,Noun,26
Space,PROPN,NNP,Space,Noun,26
Telescope,PROPN,NNP,Telescope,Noun,26
rest,NOUN,NN,rest,Noun,27
Roman,PROPN,NNP,Roman,Noun,27
month,NOUN,NN,month,Noun,27
commissioning,NOUN,NN,commissioning,Noun,27
period,NOUN,NN,period,Noun,27
scientists,NOUN,NNS,scientist,Noun,27
will,AUX,MD,will,Verb,27
run,VERB,VB,run,Verb,27
instruments,NOUN,NNS,instrument,Noun,27
series,NOUN,NN,series,Noun,27
calibrations,NOUN,NNS,calibration,Noun,27
tests,NOUN,NNS,test,Noun,27
NASA,PROPN,NNP,NASA,Noun,28
anticipates,VERB,VBZ,anticipate,Verb,28
releasing,VERB,VBG,release,Verb,28
Roman,PROPN,NNP,Roman,Noun,28
images,NOUN,NNS,image,Noun,28
Roman,PROPN,NNP,Roman,Noun,29
will,AUX,MD,will,Verb,29
send,VERB,VB,send,Verb,29
terabytes,NOUN,NNS,terabyte,Noun,29
data,NOUN,NNS,datum,Noun,29
day,NOUN,NN,day,Noun,29
data,NOUN,NN,data,Noun,29
rate,NOUN,NN,rate,Noun,29
NASA,PROPN,NNP,NASA,Noun,29
astrophysics,NOUN,NNS,astrophysic,Noun,29
mission,NOUN,NN,mission,Noun,29
Machine,NOUN,NN,machine,Noun,30
learning,NOUN,NN,learning,Noun,30
intelligence,NOUN,NN,intelligence,Noun,30
citizen,NOUN,NN,citizen,Noun,30
scientists,NOUN,NNS,scientist,Noun,30
will,AUX,MD,will,Verb,30
help,VERB,VB,help,Verb,30
sift,VERB,VB,sift,Verb,30
flag,VERB,VB,flag,Verb,30
findings,NOUN,NNS,finding,Noun,30
astronomers,NOUN,NNS,astronomer,Noun,30
can,AUX,MD,can,Verb,30
study,VERB,VB,study,Verb,30
've,AUX,VBP,have,Verb,31
been,AUX,VBN,be,Verb,31
view,VERB,VB,view,Verb,31
universe,NOUN,NN,universe,Noun,31
eyes,NOUN,NNS,eye,Noun,31
Roman,PROPN,NNP,Roman,Noun,31
said,VERB,VBD,say,Verb,31
Julie,PROPN,NNP,Julie,Noun,31
McEnery,PROPN,NNP,McEnery,Noun,31
Roman,PROPN,NNP,Roman,Noun,31
project,NOUN,NN,project,Noun,31
scientist,NOUN,NN,scientist,Noun,31
NASA,PROPN,NNP,NASA,Noun,31
Goddard,PROPN,NNP,Goddard,Noun,31
's,VERB,VBZ,be,Verb,32
telling,NOUN,NN,telling,Noun,32
'll,AUX,MD,will,Verb,32
know,VERB,VB,know,Verb,32
have,AUX,VBP,have,Verb,32
seen,VERB,VBN,see,Verb,32
time,NOUN,NN,time,Noun,32
year,NOUN,NN,year,Noun,32
Roman,PROPN,NNP,Roman,Noun,33
is,AUX,VBZ,be,Verb,33
mission,NOUN,NN,mission,Noun,33
NASA,PROPN,NNP,NASA,Noun,33
has,AUX,VBZ,have,Verb,33
launched,VERB,VBN,launch,Verb,33
Falcon,PROPN,NNP,Falcon,Noun,33
Heavy,PROPN,NNP,Heavy,Noun,33
rocket,NOUN,NN,rocket,Noun,33
year,NOUN,NN,year,Noun,34
agency,NOUN,NN,agency,Noun,34
Launch,PROPN,NNP,Launch,Noun,34
Services,PROPN,NNPS,Services,Noun,34
Program,PROPN,NNP,Program,Noun,34
worked,VERB,VBD,work,Verb,34
SpaceX,PROPN,NNP,SpaceX,Noun,34
accelerate,VERB,VB,accelerate,Verb,34
launch,NOUN,NN,launch,Noun,34
date,NOUN,NN,date,Noun,34
accommodate,VERB,VB,accommodate,Verb,34
space,NOUN,NN,space,Noun,34
telescope,NOUN,NN,telescope,Noun,34
completion,NOUN,NN,completion,Noun,34
telescope,NOUN,NN,telescope,Noun,35
is,AUX,VBZ,be,Verb,35
managed,VERB,VBN,manage,Verb,35
NASA,PROPN,NNP,NASA,Noun,35
Goddard,PROPN,NNP,Goddard,Noun,35
participation,NOUN,NN,participation,Noun,35
agency,NOUN,NN,agency,Noun,35
Jet,PROPN,NNP,Jet,Noun,35
Propulsion,PROPN,NNP,Propulsion,Noun,35
Laboratory,PROPN,NNP,Laboratory,Noun,35
Southern,PROPN,NNP,Southern,Noun,35
California,PROPN,NNP,California,Noun,35
Caltech,NOUN,NN,caltech,Noun,35
IPAC,PROPN,NNP,IPAC,Noun,35
Pasadena,PROPN,NNP,Pasadena,Noun,35
California,PROPN,NNP,California,Noun,35
Space,PROPN,NNP,Space,Noun,35
Telescope,PROPN,NNP,Telescope,Noun,35
Science,PROPN,NNP,Science,Noun,35
Institute,PROPN,NNP,Institute,Noun,35
Baltimore,PROPN,NNP,Baltimore,Noun,35
team,NOUN,NN,team,Noun,35
scientists,NOUN,NNS,scientist,Noun,35
research,NOUN,NN,research,Noun,35
institutions,NOUN,NNS,institution,Noun,35
partners,NOUN,NNS,partner,Noun,36
are,AUX,VBP,be,Verb,36
BAE,PROPN,NNP,BAE,Noun,36
Systems,PROPN,NNPS,Systems,Noun,36
Inc.,PROPN,NNP,Inc.,Noun,36
L3Harris,PROPN,NNP,L3Harris,Noun,36
Technologies,PROPN,NNP,Technologies,Noun,36
Teledyne,PROPN,NNP,Teledyne,Noun,36
Scientific,PROPN,NNP,Scientific,Noun,36
Imaging,PROPN,NNP,Imaging,Noun,36
Contributions,NOUN,NNS,contribution,Noun,37
Roman,PROPN,NNP,Roman,Noun,37
are,AUX,VBP,be,Verb,37
made,VERB,VBN,make,Verb,37
ESA,PROPN,NNP,ESA,Noun,37
JAXA,PROPN,NNP,JAXA,Noun,37
space,NOUN,NN,space,Noun,37
agency,NOUN,NN,agency,Noun,37
CNES,PROPN,NNP,CNES,Noun,37
Centre,PROPN,NNP,Centre,Noun,37
National,PROPN,NNP,National,Noun,37
d'Etudes,PROPN,NNP,d'Etudes,Noun,37
Spatiales,PROPN,NNP,Spatiales,Noun,37
Max,PROPN,NNP,Max,Noun,37
Planck,PROPN,NNP,Planck,Noun,37
Institute,PROPN,NNP,Institute,Noun,37
Astronomy,PROPN,NNP,Astronomy,Noun,37
Germany,PROPN,NNP,Germany,Noun,37
